example,label
React Programmer,Information Technology
Frontend Architect,Information Technology
Front end Engineer,Information Technology
Back end Engineer,Information Technology
Physician Assistant,Health Care
Clinical Nurse Specialist,Health Care
Pharmacist,Health Care
Mechanical Engineer,Engineering
Healthcare Administrator,Health Care
Quality Assurance Engineer,Engineering
Medical Billing Specialist,Health Care
Web Development Specialist,Information Technology
Web Developer,Information Technology
Aerospace Engineer,Engineering
Vue.js Developer,Information Technology
Web Development Manager,Information Technology
Web Systems Administrator,Information Technology
Backend Developer,Information Technology
Biomedical Engineer,Engineering
Python Programmer,Information Technology
Electrical Engineer,Engineering
Web Developer,Information Technology
Web Application Developer,Information Technology
Civil Engineer,Engineering
Medical Assistant,Health Care
Web Content Manager,Information Technology
Physical Therapist,Health Care
DevOps Engineer,Information Technology
Occupational Therapist,Health Care
Backend Engineer,Information Technology
Web Performance Analyst,Information Technology
Registered Nurse,Health Care
UI/UX Designer,Information Technology
IT Consultant,Information Technology
Network Security Engineer,Information Technology
Structural Engineer,Engineering
Cybersecurity Analyst,Information Technology
Pharmacy Technician,Health Care
Web Analytics Specialist,Information Technology
Frontend Engineer,Information Technology
Web Project Manager,Information Technology
React Developer,Information Technology
System Analyst,Information Technology
Occupational Health and Safety Specialist,Health Care
Clinical Psychologist,Health Care
IT Auditor,Information Technology
JavaScript Developer,Information Technology
Facilities Engineer,Engineering
Angular Developer,Information Technology
User Interface Designer,Information Technology
Mining Engineer,Engineering
Nutritionist,Health Care
Machine Learning Engineer,Information Technology
Frontend Engineer,Information Technology
Nurse Practitioner,Health Care
Manufacturing Engineer,Engineering
Web Development Consultant,Information Technology
Web Services Developer,Information Technology
Frontend Framework Developer,Information Technology
Backend Engineer,Information Technology
Full Stack Engineer,Information Technology
eCommerce Developer,Information Technology
Control Systems Engineer,Engineering
Medical Laboratory Technologist,Health Care
Angular Programmer,Information Technology
Business Intelligence Analyst,Information Technology
Acoustic Engineer,Engineering
Renewable Energy Engineer,Engineering
Emergency Medical Technician (EMT),Health Care
Systems Administrator,Information Technology
User Experience Designer,Information Technology
Medical Records Technician,Health Care
Clinical Research Coordinator,Health Care
Speech Language Pathologist,Health Care
Dental Hygienist,Health Care
HTML/CSS Developer,Information Technology
Industrial Engineer,Engineering
Backend Framework Developer,Information Technology
QA Engineer,Information Technology
IT Support Specialist,Information Technology
Vue.js Programmer,Information Technology
Automotive Engineer,Engineering
Medical Office Manager,Health Care
Railway Engineer,Engineering
Web Technology Consultant,Information Technology
Biomechanical Engineer,Engineering
Web Accessibility Specialist,Information Technology
Web Solutions Architect,Information Technology
Frontend Developer,Information Technology
Physician,Health Care
Chemical Engineer,Engineering
Telecommunications Engineer,Engineering
Backend Architect,Information Technology
Respiratory Therapist,Health Care
Process Engineer,Engineering
Cloud Solutions Architect,Information Technology
HTML/CSS Programmer,Information Technology
IT Project Manager,Information Technology
Phlebotomist,Health Care
Power Systems Engineer,Engineering
Web DevOps Engineer,Information Technology
Fire Protection Engineer,Engineering
Computer Hardware Engineer,Engineering
Python Developer,Information Technology
Water Resources Engineer,Engineering
Health Information Manager,Health Care
Back-end Engineer,Information Technology
Web Security Engineer,Information Technology
Radiologic Technologist,Health Care
Petroleum Engineer,Engineering
Network Administrator,Information Technology
Health Educator,Health Care
Nuclear Engineer,Engineering
Responsive Web Designer,Information Technology
Materials Engineer,Engineering
Environmental Engineer,Engineering
Full Stack Developer,Information Technology
Mobile App Developer,Information Technology
Python Engineer,Information Technology
Chiropractor,Health Care
Node.js Developer,Information Technology
Web Programmer,Information Technology
Instrumentation Engineer,Engineering
UI/UX Designer,Information Technology
Mental Health Counselor,Health Care
Web Security Analyst,Information Technology
Web Development Instructor,Information Technology
JavaScript Programmer,Information Technology
Web QA Engineer,Information Technology
Database Administrator,Information Technology
Systems Engineer,Engineering
Content Management System Developer,Information Technology
Robotics Engineer,Engineering
Medical Illustrator,Health Care
Front-end Engineer,Information Technology
Web Integration Specialist,Information Technology
Software Engineer,Information Technology
Sql Developer,Information Technology
Social Worker,Health Care
Data Scientist,Information Technology
Patient Care Coordinator,Health Care
Technical Writer,Information Technology
Node.js Programmer,Information Technology
Web Performance Engineer,Information Technology
